{
  "_meta": {
    "maxChars": {
      "welcome": "50"
    }
  },
  "en": {
    "welcome": "Welcome!",
    "title": "<b>Mighty Chin-Chin</b>\n<size=34>What's the Matter</size>",
    "credits": "Written by: David Dionisio",
    "test": "Test",
    "test2": "Test 2",
    "new_game": "NEW GAME",
    "options": "OPTIONS",
    "music": "MUSIC",
    "sound": "SOUND",
    "speech": "SPEECH",
    "on": "ON",
    "off": "OFF",
    "close": "CLOSE",
    "classify": "CLASSIFY",
    "classification_complete": "CLASSIFICATION COMPLETE",
    "classification": "CLASSIFICATION",
    "properties": "PROPERTIES",
    "next": "NEXT",
    "finish": "FINISH",
    "continue": "CONTINUE",
    "complete": "COMPLETE",
    "victory": "VICTORY",
    "tag_wide": "Wide",
    "tag_tall": "Tall",
    "tag_heavy": "Heavy",
    "tag_light": "Light",
    "tag_float": "Float",
    "tag_sink": "Sink",
    "tag_conductive": "Conductive",
    "tag_non_conductive": "Non-Conductive",
    "material_clay": "Clay",
    "material_clay_1x2": "Clay 1x2",
    "material_clay_1x3": "Clay 1x3",
    "material_clay_3x1": "Clay 3x1",
    "material_clay_6x1": "Clay 6x1",
    "material_iron_block": "Iron Block",
    "material_granite_boulder": "Granite Rock",
    "material_cotton_pillow": "Cotton Pillow",
    "material_rubber_duck": "Rubber Duck",
    "material_oak_branch": "Oak Branch",
    "material_steel_anvil": "Steel Anvil",
    "material_plastic_ball": "Plastic Ball",
    "shapes_sizes": "Shapes and Sizes",
    "drag_instruction_classify": "Drag and drop the object into the matching group.",
    "drag_instruction_play": "Drag and drop the object to the highlighted area.",
    "palette_switch_instruction": "Click on the group tab to switch to another group.",
    "play_instruction": "Press this button to let the mighty Chin-Chin move.",
    "stop_instruction": "Press this button to go back to placing objects.",
    "clear_objects_confirm": "Do you want to remove all the objects placed in the world?",
    "yes": "YES",
    "no": "NO",
    "score_level_complete": "Level Complete:",
    "score_retry_penalty": "Retry Penalty:",
    "score_hint_penalty": "Hint Penalty:",
    "score": "Score:",
    "score_total": "Total Score:",
    "level01_intro_1": "To help the mighty Chin-Chin, we need to learn how to use objects with special properties.",
    "level01_intro_2": "Each object has properties that fit different tasks.",
    "level01_property_1": "Objects have many different properties.",
    "level01_property_2": "Each property tells us its quality and attribute.",
    "level01_property_3": "For example, a rubber duck is: lightweight, not very strong, floats on water, and can block electricity.",
    "level01_classify_1": "Classify means putting objects into groups with shared properties.",
    "level01_classify_2": "This allows us to use the right object for every task!",
    "level01_shape_size_1": "Objects can be different shapes and sizes.",
    "level01_shape_size_2": "For example, a soft material like clay can be squeezed to become tall, or wide.",
    "level01_begin_1": "Let's go ahead and shape clay!",
    "level01_begin_2": "Place the clay into two groups: tall and wide.",
    "level01_play_begin_1": "Look! There's a star fragment.",
    "level01_play_begin_2": "Let's help the mighty Chin-Chin cross the deadly pit!",
    "level02_intro_1": "Now we will look at the weight property of objects.",
    "level02_intro_2": "An object's weight tells us how light or heavy it is.",
    "level02_intro_3": "You can determine an object's weight with a balance scale.",
    "level02_light_1": "Here, a 2-pound pillow is light compared to a 20-pound block.",
    "level02_heavy_1": "A 40-pound iron block is heavycompared to a 20-pound block.",
    "level02_begin_1": "Now let's sort objects into two classifications: light and heavy!",
    "level02_begin_2": "An object is light if the left scale goes up, and heavy if the left scale goes down.",
    "buoyancy": "Buoyancy",
    "level03_intro_1": "Now let's look at buoyancy.",
    "level03_buoyancy_1": "An object's buoyancy determines whether it floats or sinks in water.",
    "level03_buoyancy_2": "If an object moves up in water, it floats.",
    "level03_buoyancy_3": "If an object moves down in water, it sinks.",
    "level03_begin_1": "Sort the objects on whether they float or sink!",
    "level04_intro_1": "The final mission! We learn about the conductive property.",
    "level04_intro_2": "An object's conductivity determines if it can transmit heat, electricity, or sound.",
    "level04_conductive_1": "The iron block is highly conductive with electricity. It lets electricity flow through it very easily.",
    "level04_non_conductive_1": "The granite rock is not conductive.",
    "level04_begin_1": "Now, let's go ahead and sort these objects on whether they are electrically conductive or not!",
    "level04_begin_2": "Sort these objects by electrically conductive or not!",
    "end_title": "CONGRATULATIONS!",
    "end_text": "Thank you for playing!"
  }
}