{"companyName":"Renegadeware","productName":"LL_K2PS2","version":"1.0.2","unityVersion":"2019.4.0f1","sdkVersion":4,"webglSettings":{"memorySize":"16","exceptionSupport":"ExplicitlyThrownExceptionsOnly","dataCaching":"True","emscriptenArgs":"","modulesDirectory":"","template":"PROJECT:lol-template","analyzeBuildSize":"False","useEmbeddedResources":"False","threadsSupport":"False","linkerTarget":"Wasm","compressionFormat":"Gzip","nameFilesAsHashes":"False","debugSymbols":"False","wasmStreaming":"False"},"dir":["Assets\\Editor","Assets\\Plugins","Assets\\Renegadeware","Assets\\Renegadeware\\Art","Assets\\Renegadeware\\Art\\Animations","Assets\\Renegadeware\\Art\\Atlas","Assets\\Renegadeware\\Art\\Fonts","Assets\\Renegadeware\\Art\\Fonts\\Source","Assets\\Renegadeware\\Art\\Materials","Assets\\Renegadeware\\Art\\Mesh","Assets\\Renegadeware\\Art\\Sprites","Assets\\Renegadeware\\Art\\Sprites\\Backgrounds","Assets\\Renegadeware\\Art\\Sprites\\Backgrounds\\Level01","Assets\\Renegadeware\\Art\\Sprites\\Backgrounds\\Level02","Assets\\Renegadeware\\Art\\Sprites\\Backgrounds\\Level03","Assets\\Renegadeware\\Art\\Sprites\\Backgrounds\\Level04","Assets\\Renegadeware\\Art\\Sprites\\Common","Assets\\Renegadeware\\Art\\Sprites\\FX","Assets\\Renegadeware\\Art\\Sprites\\Game","Assets\\Renegadeware\\Art\\Sprites\\Objects","Assets\\Renegadeware\\Art\\Sprites\\Player","Assets\\Renegadeware\\Art\\Sprites\\SpriteShapeTile","Assets\\Renegadeware\\Art\\Sprites\\UI","Assets\\Renegadeware\\Art\\SpriteShapes","Assets\\Renegadeware\\Art\\Textures","Assets\\Renegadeware\\Audio","Assets\\Renegadeware\\Audio\\Music","Assets\\Renegadeware\\Audio\\Sound","Assets\\Renegadeware\\Data","Assets\\Renegadeware\\Data\\Levels","Assets\\Renegadeware\\Data\\MaterialObjects","Assets\\Renegadeware\\Data\\MaterialTags","Assets\\Renegadeware\\Data\\Physics","Assets\\Renegadeware\\Data\\Signals","Assets\\Renegadeware\\Prefabs","Assets\\Renegadeware\\Prefabs\\Backgrounds","Assets\\Renegadeware\\Prefabs\\GamePlay","Assets\\Renegadeware\\Prefabs\\Level Objects","Assets\\Renegadeware\\Prefabs\\MaterialObjects","Assets\\Renegadeware\\Prefabs\\Misc","Assets\\Renegadeware\\Prefabs\\UI","Assets\\Renegadeware\\Resources","Assets\\Renegadeware\\Scenes","Assets\\Renegadeware\\Scripts","Assets\\Renegadeware\\Scripts\\Data","Assets\\Renegadeware\\Scripts\\Editor","Assets\\Renegadeware\\Scripts\\GameModeFlow","Assets\\Renegadeware\\Scripts\\UI","Assets\\Renegadeware\\Scripts\\UI\\Modals","Assets\\Renegadeware\\Scripts\\UI\\Widgets","Assets\\Renegadeware\\ThirdParty","Assets\\Renegadeware\\ThirdParty\\DOTween","Assets\\Renegadeware\\ThirdParty\\DOTween\\Editor","Assets\\Renegadeware\\ThirdParty\\DOTween\\Editor\\Imgs","Assets\\Renegadeware\\ThirdParty\\DOTween\\Modules","Assets\\Renegadeware\\ThirdParty\\LoLExt","Assets\\Renegadeware\\ThirdParty\\LoLExt\\Common","Assets\\Renegadeware\\ThirdParty\\LoLExt\\Common\\Input","Assets\\Renegadeware\\ThirdParty\\LoLExt\\Common\\Prefabs","Assets\\Renegadeware\\ThirdParty\\LoLExt\\Common\\Signals","Assets\\Renegadeware\\ThirdParty\\LoLExt\\Data","Assets\\Renegadeware\\ThirdParty\\LoLExt\\Editor","Assets\\Renegadeware\\ThirdParty\\LoLExt\\Editor\\Game","Assets\\Renegadeware\\ThirdParty\\LoLExt\\Scripts","Assets\\Renegadeware\\ThirdParty\\LoLExt\\Scripts\\Game","Assets\\Renegadeware\\ThirdParty\\LoLExt\\Scripts\\UI","Assets\\Renegadeware\\ThirdParty\\LoLExt\\Scripts\\UI\\Modals","Assets\\Renegadeware\\ThirdParty\\LoLExt\\Scripts\\UI\\Widgets","Assets\\Renegadeware\\ThirdParty\\M8","Assets\\Renegadeware\\ThirdParty\\M8\\Common","Assets\\Renegadeware\\ThirdParty\\M8\\Common\\ConsoleUI","Assets\\Renegadeware\\ThirdParty\\M8\\Common\\Fonts","Assets\\Renegadeware\\ThirdParty\\M8\\Common\\Input","Assets\\Renegadeware\\ThirdParty\\M8\\Common\\Signals","Assets\\Renegadeware\\ThirdParty\\M8\\Common\\TransitionFX","Assets\\Renegadeware\\ThirdParty\\M8\\Common\\UI","Assets\\Renegadeware\\ThirdParty\\M8\\Editor","Assets\\Renegadeware\\ThirdParty\\M8\\Editor\\2D","Assets\\Renegadeware\\ThirdParty\\M8\\Editor\\Camera","Assets\\Renegadeware\\ThirdParty\\M8\\Editor\\Color","Assets\\Renegadeware\\ThirdParty\\M8\\Editor\\Game","Assets\\Renegadeware\\ThirdParty\\M8\\Editor\\Input","Assets\\Renegadeware\\ThirdParty\\M8\\Editor\\Localization","Assets\\Renegadeware\\ThirdParty\\M8\\Editor\\Physics2D","Assets\\Renegadeware\\ThirdParty\\M8\\Editor\\PropertyDrawers","Assets\\Renegadeware\\ThirdParty\\M8\\Editor\\Renderer","Assets\\Renegadeware\\ThirdParty\\M8\\Editor\\Scene","Assets\\Renegadeware\\ThirdParty\\M8\\Editor\\Serializer","Assets\\Renegadeware\\ThirdParty\\M8\\Editor\\Shader","Assets\\Renegadeware\\ThirdParty\\M8\\Editor\\Signals","Assets\\Renegadeware\\ThirdParty\\M8\\Editor\\Tools","Assets\\Renegadeware\\ThirdParty\\M8\\Editor\\Transform","Assets\\Renegadeware\\ThirdParty\\M8\\Editor\\UI","Assets\\Renegadeware\\ThirdParty\\M8\\Editor\\UI\\Layouts","Assets\\Renegadeware\\ThirdParty\\M8\\Editor\\UI\\Widgets","Assets\\Renegadeware\\ThirdParty\\M8\\Editor\\UserData","Assets\\Renegadeware\\ThirdParty\\M8\\Materials","Assets\\Renegadeware\\ThirdParty\\M8\\Materials\\Sprite","Assets\\Renegadeware\\ThirdParty\\M8\\Prefabs","Assets\\Renegadeware\\ThirdParty\\M8\\Scripts","Assets\\Renegadeware\\ThirdParty\\M8\\Scripts\\2D","Assets\\Renegadeware\\ThirdParty\\M8\\Scripts\\Audio","Assets\\Renegadeware\\ThirdParty\\M8\\Scripts\\Auxiliary","Assets\\Renegadeware\\ThirdParty\\M8\\Scripts\\Camera","Assets\\Renegadeware\\ThirdParty\\M8\\Scripts\\Color","Assets\\Renegadeware\\ThirdParty\\M8\\Scripts\\Console","Assets\\Renegadeware\\ThirdParty\\M8\\Scripts\\Debug","Assets\\Renegadeware\\ThirdParty\\M8\\Scripts\\Extensions","Assets\\Renegadeware\\ThirdParty\\M8\\Scripts\\Game","Assets\\Renegadeware\\ThirdParty\\M8\\Scripts\\GameObject","Assets\\Renegadeware\\ThirdParty\\M8\\Scripts\\Gizmos","Assets\\Renegadeware\\ThirdParty\\M8\\Scripts\\Input","Assets\\Renegadeware\\ThirdParty\\M8\\Scripts\\Localization","Assets\\Renegadeware\\ThirdParty\\M8\\Scripts\\Maths","Assets\\Renegadeware\\ThirdParty\\M8\\Scripts\\Modal","Assets\\Renegadeware\\ThirdParty\\M8\\Scripts\\Modal\\Dialogs","Assets\\Renegadeware\\ThirdParty\\M8\\Scripts\\Modal\\Events","Assets\\Renegadeware\\ThirdParty\\M8\\Scripts\\Modal\\Helpers","Assets\\Renegadeware\\ThirdParty\\M8\\Scripts\\Particle","Assets\\Renegadeware\\ThirdParty\\M8\\Scripts\\Physics","Assets\\Renegadeware\\ThirdParty\\M8\\Scripts\\Physics2D","Assets\\Renegadeware\\ThirdParty\\M8\\Scripts\\Properties","Assets\\Renegadeware\\ThirdParty\\M8\\Scripts\\Renderer","Assets\\Renegadeware\\ThirdParty\\M8\\Scripts\\ResourceManager","Assets\\Renegadeware\\ThirdParty\\M8\\Scripts\\Scene","Assets\\Renegadeware\\ThirdParty\\M8\\Scripts\\Shader","Assets\\Renegadeware\\ThirdParty\\M8\\Scripts\\Signals","Assets\\Renegadeware\\ThirdParty\\M8\\Scripts\\Transform","Assets\\Renegadeware\\ThirdParty\\M8\\Scripts\\Transition","Assets\\Renegadeware\\ThirdParty\\M8\\Scripts\\Transition\\Types","Assets\\Renegadeware\\ThirdParty\\M8\\Scripts\\UI","Assets\\Renegadeware\\ThirdParty\\M8\\Scripts\\UI\\Events","Assets\\Renegadeware\\ThirdParty\\M8\\Scripts\\UI\\Graphics","Assets\\Renegadeware\\ThirdParty\\M8\\Scripts\\UI\\Helpers","Assets\\Renegadeware\\ThirdParty\\M8\\Scripts\\UI\\InputField","Assets\\Renegadeware\\ThirdParty\\M8\\Scripts\\UI\\Layouts","Assets\\Renegadeware\\ThirdParty\\M8\\Scripts\\UI\\Texts","Assets\\Renegadeware\\ThirdParty\\M8\\Scripts\\UI\\Transforms","Assets\\Renegadeware\\ThirdParty\\M8\\Scripts\\UI\\Widgets","Assets\\Renegadeware\\ThirdParty\\M8\\Scripts\\UserData","Assets\\Renegadeware\\ThirdParty\\M8\\Scripts\\Utils","Assets\\Renegadeware\\ThirdParty\\M8\\Shaders","Assets\\Renegadeware\\ThirdParty\\M8\\Shaders\\2D","Assets\\Renegadeware\\ThirdParty\\M8\\Shaders\\ProBuilder","Assets\\Renegadeware\\ThirdParty\\M8\\Shaders\\Skybox","Assets\\Renegadeware\\ThirdParty\\M8\\Shaders\\Sprite","Assets\\Renegadeware\\ThirdParty\\M8\\Shaders\\Toon","Assets\\Renegadeware\\ThirdParty\\M8\\Shaders\\Transition","Assets\\Renegadeware\\ThirdParty\\M8\\Shaders\\Unlit","Assets\\Renegadeware\\ThirdParty\\M8Animator","Assets\\Renegadeware\\ThirdParty\\M8Animator\\Editor","Assets\\Renegadeware\\ThirdParty\\M8Animator\\Examples","Assets\\Renegadeware\\ThirdParty\\M8Animator\\Examples\\Animation","Assets\\Renegadeware\\ThirdParty\\M8Animator\\Examples\\Audio","Assets\\Renegadeware\\ThirdParty\\M8Animator\\Examples\\Scenes","Assets\\Renegadeware\\ThirdParty\\M8Animator\\Resources","Assets\\Renegadeware\\ThirdParty\\M8Animator\\Scripts","Assets\\Renegadeware\\ThirdParty\\M8Animator\\Scripts\\Core","Assets\\Renegadeware\\ThirdParty\\M8Animator\\Scripts\\Interfaces","Assets\\Renegadeware\\ThirdParty\\M8Animator\\Scripts\\Keys","Assets\\Renegadeware\\ThirdParty\\M8Animator\\Scripts\\Tracks","Assets\\Renegadeware\\ThirdParty\\M8Animator\\Shaders","Assets\\Renegadeware\\ThirdParty\\M8Animator\\Skins","Assets\\Renegadeware\\ThirdParty\\M8Animator\\Skins\\Global","Assets\\Renegadeware\\ThirdParty\\M8Animator\\Skins\\Skin Dark","Assets\\Renegadeware\\ThirdParty\\M8Animator\\Skins\\Skin Light","Assets\\Renegadeware\\ThirdParty\\M8Animator\\Textures","Assets\\Renegadeware\\ThirdParty\\M8Animator\\TexturesEditor","Assets\\Renegadeware\\ThirdParty\\M8AnimatorExt","Assets\\Renegadeware\\ThirdParty\\M8AnimatorExt\\Scripts","Assets\\Renegadeware\\ThirdParty\\M8SpreadsheetParser","Assets\\Renegadeware\\ThirdParty\\M8SpreadsheetParser\\Editor","Assets\\Renegadeware\\ThirdParty\\M8SpreadsheetParser\\Editor\\Excel","Assets\\Renegadeware\\ThirdParty\\M8SpreadsheetParser\\Editor\\Excel\\NPOI","Assets\\Renegadeware\\ThirdParty\\M8SpreadsheetParser\\Editor\\Google","Assets\\Renegadeware\\ThirdParty\\M8SpreadsheetParser\\Editor\\Google\\GData","Assets\\Renegadeware\\ThirdParty\\M8SpreadsheetParser\\Scripts","Assets\\Renegadeware\\ThirdParty\\M8SpreadsheetParser\\Scripts\\Google","Assets\\Renegadeware\\ThirdParty\\M8TextMeshPro","Assets\\Renegadeware\\ThirdParty\\M8TextMeshPro\\Editor","Assets\\Renegadeware\\ThirdParty\\M8TextMeshPro\\Scripts","Assets\\Renegadeware\\ThirdParty\\unity-ui-extensions","Assets\\Renegadeware\\ThirdParty\\unity-ui-extensions\\Editor","Assets\\Renegadeware\\ThirdParty\\unity-ui-extensions\\Editor\\FancyScrollView","Assets\\Renegadeware\\ThirdParty\\unity-ui-extensions\\Runtime","Assets\\Renegadeware\\ThirdParty\\unity-ui-extensions\\Runtime\\Resources","Assets\\Renegadeware\\ThirdParty\\unity-ui-extensions\\Runtime\\Resources\\Shaders","Assets\\Renegadeware\\ThirdParty\\unity-ui-extensions\\Runtime\\Scripts","Assets\\Renegadeware\\ThirdParty\\unity-ui-extensions\\Runtime\\Scripts\\Controls","Assets\\Renegadeware\\ThirdParty\\unity-ui-extensions\\Runtime\\Scripts\\Controls\\Accordion","Assets\\Renegadeware\\ThirdParty\\unity-ui-extensions\\Runtime\\Scripts\\Controls\\Accordion\\Tweening","Assets\\Renegadeware\\ThirdParty\\unity-ui-extensions\\Runtime\\Scripts\\Controls\\ColorPicker","Assets\\Renegadeware\\ThirdParty\\unity-ui-extensions\\Runtime\\Scripts\\Controls\\ColorPicker\\Events","Assets\\Renegadeware\\ThirdParty\\unity-ui-extensions\\Runtime\\Scripts\\Controls\\ComboBox","Assets\\Renegadeware\\ThirdParty\\unity-ui-extensions\\Runtime\\Scripts\\Controls\\ReorderableList","Assets\\Renegadeware\\ThirdParty\\unity-ui-extensions\\Runtime\\Scripts\\Controls\\RescalingPanels","Assets\\Renegadeware\\ThirdParty\\unity-ui-extensions\\Runtime\\Scripts\\Controls\\SelectionBox","Assets\\Renegadeware\\ThirdParty\\unity-ui-extensions\\Runtime\\Scripts\\Effects","Assets\\Renegadeware\\ThirdParty\\unity-ui-extensions\\Runtime\\Scripts\\Effects\\CurlyUI","Assets\\Renegadeware\\ThirdParty\\unity-ui-extensions\\Runtime\\Scripts\\Effects\\ShaderEffects","Assets\\Renegadeware\\ThirdParty\\unity-ui-extensions\\Runtime\\Scripts\\InputModules","Assets\\Renegadeware\\ThirdParty\\unity-ui-extensions\\Runtime\\Scripts\\Layout","Assets\\Renegadeware\\ThirdParty\\unity-ui-extensions\\Runtime\\Scripts\\Layout\\CardUI","Assets\\Renegadeware\\ThirdParty\\unity-ui-extensions\\Runtime\\Scripts\\Layout\\CardUI\\2D Cards","Assets\\Renegadeware\\ThirdParty\\unity-ui-extensions\\Runtime\\Scripts\\Layout\\CardUI\\3D Cards","Assets\\Renegadeware\\ThirdParty\\unity-ui-extensions\\Runtime\\Scripts\\Layout\\CardUI\\Superellipse Creation","Assets\\Renegadeware\\ThirdParty\\unity-ui-extensions\\Runtime\\Scripts\\Layout\\FancyScrollView","Assets\\Renegadeware\\ThirdParty\\unity-ui-extensions\\Runtime\\Scripts\\Layout\\FancyScrollView\\Core","Assets\\Renegadeware\\ThirdParty\\unity-ui-extensions\\Runtime\\Scripts\\Layout\\FancyScrollView\\GridView","Assets\\Renegadeware\\ThirdParty\\unity-ui-extensions\\Runtime\\Scripts\\Layout\\FancyScrollView\\Scroller","Assets\\Renegadeware\\ThirdParty\\unity-ui-extensions\\Runtime\\Scripts\\Layout\\FancyScrollView\\ScrollRect","Assets\\Renegadeware\\ThirdParty\\unity-ui-extensions\\Runtime\\Scripts\\MenuSystem","Assets\\Renegadeware\\ThirdParty\\unity-ui-extensions\\Runtime\\Scripts\\Primitives","Assets\\Renegadeware\\ThirdParty\\unity-ui-extensions\\Runtime\\Scripts\\ToolTips","Assets\\Renegadeware\\ThirdParty\\unity-ui-extensions\\Runtime\\Scripts\\ToolTips\\BoundTooltip","Assets\\Renegadeware\\ThirdParty\\unity-ui-extensions\\Runtime\\Scripts\\Utilities","Assets\\Renegadeware\\ThirdParty\\unity-ui-extensions\\Runtime\\Scripts\\VR Extensions","Assets\\Resources","Assets\\Scripts","Assets\\StreamingAssets","Assets\\StreamingAssets\\Renegadeware","Assets\\TextMesh Pro","Assets\\TextMesh Pro\\Documentation","Assets\\TextMesh Pro\\Fonts","Assets\\TextMesh Pro\\Resources","Assets\\TextMesh Pro\\Resources\\Fonts & Materials","Assets\\TextMesh Pro\\Resources\\Shaders","Assets\\TextMesh Pro\\Resources\\Sprite Assets","Assets\\TextMesh Pro\\Resources\\Style Sheets","Assets\\TextMesh Pro\\Sprites","Assets\\WebGLTemplates","Assets\\WebGLTemplates\\lol-template","Library\\PackageCache\\com.unity.2d.animation@3.2.5","Library\\PackageCache\\com.unity.2d.common@2.0.2","Library\\PackageCache\\com.unity.2d.path@2.0.6","Library\\PackageCache\\com.unity.2d.pixel-perfect@2.0.4","Library\\PackageCache\\com.unity.2d.psdimporter@2.1.6","Library\\PackageCache\\com.unity.2d.spriteshape@3.0.14","Library\\PackageCache\\com.unity.ide.vscode@1.2.2","Library\\PackageCache\\com.unity.mathematics@1.1.0","Library\\PackageCache\\com.unity.textmeshpro@2.0.1"]}